Workbook

Sheet Start Here
A1: School Admissions Inquiry Tracker
A2: Sample version with dummy data. All names and phone numbers are invented.
A5: How to use
A6: 1 | B6: Go to the Inquiries sheet. Add one row for every parent inquiry: walk in, call, WhatsApp, website or Instagram.
A7: 2 | B7: Fill the white columns: Date, Parent, Phone, Child, Grade, Source, Status, Follow up date and Notes. Use the drop down lists for Grade, Source and Status.
A8: 3 | B8: Grey columns are automatic: ID, Days since inquiry and Action. Do not type in them.
A9: 4 | B9: Update Status as the family moves forward: New, Contacted, Visit Booked, Visited, Enrolled or Lost.
A10: 5 | B10: The Action column turns red and says Follow up now when the follow up date is today or earlier.
A11: 6 | B11: The Dashboard sheet updates by itself with totals, conversion rate, follow ups due, and results by source and grade.
A13: Good to know
A14: • | B14: Rows 5 to 204 on the Inquiries sheet are ready for use. To add more rows, copy the last row down.
A15: • | B15: Conversion rate = Enrolled divided by total inquiries.
A16: • | B16: Days since inquiry and follow up alerts use today's date, so they change every day.
A17: • | B17: The sample rows are dummy data. Delete them before entering real inquiries (select the white cells and clear them).

Sheet Inquiries
A1: Admissions Inquiries
A2: White columns: type here. Grey columns: automatic. Dummy data for demonstration.
A4: ID | B4: Date | C4: Parent name | D4: Phone | E4: Child name | F4: Grade | G4: Source | H4: Status | I4: Follow up date | J4: Days since inquiry | K4: Action | L4: Notes
A5: =IF(B5="","",ROW()-4) -> 1 | B5: 46267 | C5: Ayesha Malik | D5: 0300 000 0001 | E5: Hamza | F5: Grade 3 | G5: Walk in | H5: Enrolled | I5: 46274 | J5: =IF(B5="","",TODAY()-B5) -> 34 | K5: =IF(H5="","",IF(OR(H5="Enrolled",H5="Lost"),"Closed",IF(I5="","Set follow up date",IF(I5<=TODAY(),"Follow up now","On track")))) -> Closed | L5: Paid registration
A6: =IF(B6="","",ROW()-4) -> 2 | B6: 46269 | C6: Bilal Raza | D6: 0300 000 0002 | E6: Inaya | F6: Nursery | G6: WhatsApp | H6: Visited | I6: 46302 | J6: =IF(B6="","",TODAY()-B6) -> 32 | K6: =IF(H6="","",IF(OR(H6="Enrolled",H6="Lost"),"Closed",IF(I6="","Set follow up date",IF(I6<=TODAY(),"Follow up now","On track")))) -> On track | L6: Wants fee installments
A7: =IF(B7="","",ROW()-4) -> 3 | B7: 46271 | C7: Sana Tariq | D7: 0300 000 0003 | E7: Zain | F7: Grade 1 | G7: Instagram | H7: Contacted | I7: 46298 | J7: =IF(B7="","",TODAY()-B7) -> 30 | K7: =IF(H7="","",IF(OR(H7="Enrolled",H7="Lost"),"Closed",IF(I7="","Set follow up date",IF(I7<=TODAY(),"Follow up now","On track")))) -> Follow up now | L7: Asked about transport
A8: =IF(B8="","",ROW()-4) -> 4 | B8: 46273 | C8: Usman Ali | D8: 0300 000 0004 | E8: Maryam | F8: Prep | G8: Phone call | H8: Enrolled | I8: 46280 | J8: =IF(B8="","",TODAY()-B8) -> 28 | K8: =IF(H8="","",IF(OR(H8="Enrolled",H8="Lost"),"Closed",IF(I8="","Set follow up date",IF(I8<=TODAY(),"Follow up now","On track")))) -> Closed
A9: =IF(B9="","",ROW()-4) -> 5 | B9: 46275 | C9: Hina Farooq | D9: 0300 000 0005 | E9: Ali | F9: Grade 6 | G9: Website form | H9: Lost | J9: =IF(B9="","",TODAY()-B9) -> 26 | K9: =IF(H9="","",IF(OR(H9="Enrolled",H9="Lost"),"Closed",IF(I9="","Set follow up date",IF(I9<=TODAY(),"Follow up now","On track")))) -> Closed | L9: Chose another school
A10: =IF(B10="","",ROW()-4) -> 6 | B10: 46277 | C10: Kamran Shah | D10: 0300 000 0006 | E10: Noor | F10: Grade 2 | G10: Walk in | H10: Visit Booked | I10: 46303 | J10: =IF(B10="","",TODAY()-B10) -> 24 | K10: =IF(H10="","",IF(OR(H10="Enrolled",H10="Lost"),"Closed",IF(I10="","Set follow up date",IF(I10<=TODAY(),"Follow up now","On track")))) -> On track | L10: Visit on Saturday
A11: =IF(B11="","",ROW()-4) -> 7 | B11: 46280 | C11: Farah Imran | D11: 0300 000 0007 | E11: Ahmed | F11: Grade 4 | G11: WhatsApp | H11: Contacted | I11: 46300 | J11: =IF(B11="","",TODAY()-B11) -> 21 | K11: =IF(H11="","",IF(OR(H11="Enrolled",H11="Lost"),"Closed",IF(I11="","Set follow up date",IF(I11<=TODAY(),"Follow up now","On track")))) -> Follow up now | L11: Sent fee structure
A12: =IF(B12="","",ROW()-4) -> 8 | B12: 46282 | C12: Omar Khalid | D12: 0300 000 0008 | E12: Laiba | F12: Nursery | G12: Referral | H12: Enrolled | I12: 46289 | J12: =IF(B12="","",TODAY()-B12) -> 19 | K12: =IF(H12="","",IF(OR(H12="Enrolled",H12="Lost"),"Closed",IF(I12="","Set follow up date",IF(I12<=TODAY(),"Follow up now","On track")))) -> Closed | L12: Referred by parent
A13: =IF(B13="","",ROW()-4) -> 9 | B13: 46284 | C13: Nadia Hussain | D13: 0300 000 0009 | E13: Daniyal | F13: Grade 5 | G13: Instagram | H13: New | I13: 46301 | J13: =IF(B13="","",TODAY()-B13) -> 17 | K13: =IF(H13="","",IF(OR(H13="Enrolled",H13="Lost"),"Closed",IF(I13="","Set follow up date",IF(I13<=TODAY(),"Follow up now","On track")))) -> Follow up now
A14: =IF(B14="","",ROW()-4) -> 10 | B14: 46287 | C14: Tariq Mehmood | D14: 0300 000 0010 | E14: Eman | F14: Grade 8 | G14: Website form | H14: Visited | I14: 46299 | J14: =IF(B14="","",TODAY()-B14) -> 14 | K14: =IF(H14="","",IF(OR(H14="Enrolled",H14="Lost"),"Closed",IF(I14="","Set follow up date",IF(I14<=TODAY(),"Follow up now","On track")))) -> Follow up now | L14: Wants scholarship info
A15: =IF(B15="","",ROW()-4) -> 11 | B15: 46289 | C15: Rabia Anwar | D15: 0300 000 0011 | E15: Hassan | F15: Prep | G15: Walk in | H15: Contacted | I15: 46304 | J15: =IF(B15="","",TODAY()-B15) -> 12 | K15: =IF(H15="","",IF(OR(H15="Enrolled",H15="Lost"),"Closed",IF(I15="","Set follow up date",IF(I15<=TODAY(),"Follow up now","On track")))) -> On track
A16: =IF(B16="","",ROW()-4) -> 12 | B16: 46292 | C16: Saad Iqbal | D16: 0300 000 0012 | E16: Fatima | F16: Grade 1 | G16: Phone call | H16: Lost | J16: =IF(B16="","",TODAY()-B16) -> 9 | K16: =IF(H16="","",IF(OR(H16="Enrolled",H16="Lost"),"Closed",IF(I16="","Set follow up date",IF(I16<=TODAY(),"Follow up now","On track")))) -> Closed | L16: Fees too high
A17: =IF(B17="","",ROW()-4) -> 13 | B17: 46295 | C17: Mehwish Ahmed | D17: 0300 000 0013 | E17: Rayyan | F17: Grade 7 | G17: WhatsApp | H17: Visit Booked | I17: 46305 | J17: =IF(B17="","",TODAY()-B17) -> 6 | K17: =IF(H17="","",IF(OR(H17="Enrolled",H17="Lost"),"Closed",IF(I17="","Set follow up date",IF(I17<=TODAY(),"Follow up now","On track")))) -> On track
A18: =IF(B18="","",ROW()-4) -> 14 | B18: 46297 | C18: Adeel Hassan | D18: 0300 000 0014 | E18: Zara | F18: Nursery | G18: Instagram | H18: New | I18: 46301 | J18: =IF(B18="","",TODAY()-B18) -> 4 | K18: =IF(H18="","",IF(OR(H18="Enrolled",H18="Lost"),"Closed",IF(I18="","Set follow up date",IF(I18<=TODAY(),"Follow up now","On track")))) -> Follow up now | L18: Call back requested
A19: =IF(B19="","",ROW()-4) -> 15 | B19: 46299 | C19: Sidra Nawaz | D19: 0300 000 0015 | E19: Moiz | F19: Grade 3 | G19: Website form | H19: New | J19: =IF(B19="","",TODAY()-B19) -> 2 | K19: =IF(H19="","",IF(OR(H19="Enrolled",H19="Lost"),"Closed",IF(I19="","Set follow up date",IF(I19<=TODAY(),"Follow up now","On track")))) -> Set follow up date
A20: =IF(B20="","",ROW()-4) | J20: =IF(B20="","",TODAY()-B20) | K20: =IF(H20="","",IF(OR(H20="Enrolled",H20="Lost"),"Closed",IF(I20="","Set follow up date",IF(I20<=TODAY(),"Follow up now","On track"))))
A21: =IF(B21="","",ROW()-4) | J21: =IF(B21="","",TODAY()-B21) | K21: =IF(H21="","",IF(OR(H21="Enrolled",H21="Lost"),"Closed",IF(I21="","Set follow up date",IF(I21<=TODAY(),"Follow up now","On track"))))
A22: =IF(B22="","",ROW()-4) | J22: =IF(B22="","",TODAY()-B22) | K22: =IF(H22="","",IF(OR(H22="Enrolled",H22="Lost"),"Closed",IF(I22="","Set follow up date",IF(I22<=TODAY(),"Follow up now","On track"))))
A23: =IF(B23="","",ROW()-4) | J23: =IF(B23="","",TODAY()-B23) | K23: =IF(H23="","",IF(OR(H23="Enrolled",H23="Lost"),"Closed",IF(I23="","Set follow up date",IF(I23<=TODAY(),"Follow up now","On track"))))
A24: =IF(B24="","",ROW()-4) | J24: =IF(B24="","",TODAY()-B24) | K24: =IF(H24="","",IF(OR(H24="Enrolled",H24="Lost"),"Closed",IF(I24="","Set follow up date",IF(I24<=TODAY(),"Follow up now","On track"))))
A25: =IF(B25="","",ROW()-4) | J25: =IF(B25="","",TODAY()-B25) | K25: =IF(H25="","",IF(OR(H25="Enrolled",H25="Lost"),"Closed",IF(I25="","Set follow up date",IF(I25<=TODAY(),"Follow up now","On track"))))
A26: =IF(B26="","",ROW()-4) | J26: =IF(B26="","",TODAY()-B26) | K26: =IF(H26="","",IF(OR(H26="Enrolled",H26="Lost"),"Closed",IF(I26="","Set follow up date",IF(I26<=TODAY(),"Follow up now","On track"))))
A27: =IF(B27="","",ROW()-4) | J27: =IF(B27="","",TODAY()-B27) | K27: =IF(H27="","",IF(OR(H27="Enrolled",H27="Lost"),"Closed",IF(I27="","Set follow up date",IF(I27<=TODAY(),"Follow up now","On track"))))
A28: =IF(B28="","",ROW()-4) | J28: =IF(B28="","",TODAY()-B28) | K28: =IF(H28="","",IF(OR(H28="Enrolled",H28="Lost"),"Closed",IF(I28="","Set follow up date",IF(I28<=TODAY(),"Follow up now","On track"))))
A29: =IF(B29="","",ROW()-4) | J29: =IF(B29="","",TODAY()-B29) | K29: =IF(H29="","",IF(OR(H29="Enrolled",H29="Lost"),"Closed",IF(I29="","Set follow up date",IF(I29<=TODAY(),"Follow up now","On track"))))
A30: =IF(B30="","",ROW()-4) | J30: =IF(B30="","",TODAY()-B30) | K30: =IF(H30="","",IF(OR(H30="Enrolled",H30="Lost"),"Closed",IF(I30="","Set follow up date",IF(I30<=TODAY(),"Follow up now","On track"))))
A31: =IF(B31="","",ROW()-4) | J31: =IF(B31="","",TODAY()-B31) | K31: =IF(H31="","",IF(OR(H31="Enrolled",H31="Lost"),"Closed",IF(I31="","Set follow up date",IF(I31<=TODAY(),"Follow up now","On track"))))
... A204: =IF(B204="","",ROW()-4) | J204: =IF(B204="","",TODAY()-B204) | K204: =IF(H204="","",IF(OR(H204="Enrolled",H204="Lost"),"Closed",IF(I204="","Set follow up date",IF(I204<=TODAY(),"Follow up now","On track"))))

Sheet Dashboard
A1: Admissions Dashboard
A2: Updates automatically from the Inquiries sheet.
A5: TOTAL INQUIRIES | C5: IN PROGRESS | F5: ENROLLED | H5: CONVERSION RATE | J5: FOLLOW UPS DUE
A6: =COUNT(Inquiries!$B$5:$B$204) -> 15 | C6: =A6-B14-B15 -> 10 | F6: =B14 -> 3 | H6: =IFERROR(B14/A6,0) -> 0.2 | J6: =COUNTIF(Inquiries!$K$5:$K$204,"Follow up now") -> 5
A8: Pipeline by status
A9: Status | B9: Count
A10: New | B10: =COUNTIF(Inquiries!$H$5:$H$204,A10) -> 3
A11: Contacted | B11: =COUNTIF(Inquiries!$H$5:$H$204,A11) -> 3
A12: Visit Booked | B12: =COUNTIF(Inquiries!$H$5:$H$204,A12) -> 2
A13: Visited | B13: =COUNTIF(Inquiries!$H$5:$H$204,A13) -> 2
A14: Enrolled | B14: =COUNTIF(Inquiries!$H$5:$H$204,A14) -> 3
A15: Lost | B15: =COUNTIF(Inquiries!$H$5:$H$204,A15) -> 2
A18: Results by source
A19: Source | B19: Inquiries | C19: Enrolled | D19: Conversion
A20: Walk in | B20: =COUNTIF(Inquiries!$G$5:$G$204,A20) -> 3 | C20: =COUNTIFS(Inquiries!$G$5:$G$204,A20,Inquiries!$H$5:$H$204,"Enrolled") -> 1 | D20: =IFERROR(C20/B20,0) -> 0.33333333
A21: Phone call | B21: =COUNTIF(Inquiries!$G$5:$G$204,A21) -> 2 | C21: =COUNTIFS(Inquiries!$G$5:$G$204,A21,Inquiries!$H$5:$H$204,"Enrolled") -> 1 | D21: =IFERROR(C21/B21,0) -> 0.5
A22: WhatsApp | B22: =COUNTIF(Inquiries!$G$5:$G$204,A22) -> 3 | C22: =COUNTIFS(Inquiries!$G$5:$G$204,A22,Inquiries!$H$5:$H$204,"Enrolled") -> 0 | D22: =IFERROR(C22/B22,0) -> 0
A23: Website form | B23: =COUNTIF(Inquiries!$G$5:$G$204,A23) -> 3 | C23: =COUNTIFS(Inquiries!$G$5:$G$204,A23,Inquiries!$H$5:$H$204,"Enrolled") -> 0 | D23: =IFERROR(C23/B23,0) -> 0
A24: Instagram | B24: =COUNTIF(Inquiries!$G$5:$G$204,A24) -> 3 | C24: =COUNTIFS(Inquiries!$G$5:$G$204,A24,Inquiries!$H$5:$H$204,"Enrolled") -> 0 | D24: =IFERROR(C24/B24,0) -> 0
A25: Referral | B25: =COUNTIF(Inquiries!$G$5:$G$204,A25) -> 1 | C25: =COUNTIFS(Inquiries!$G$5:$G$204,A25,Inquiries!$H$5:$H$204,"Enrolled") -> 1 | D25: =IFERROR(C25/B25,0) -> 1
A28: Results by grade
A29: Grade | B29: Inquiries | C29: Enrolled | D29: Conversion
A30: Nursery | B30: =COUNTIF(Inquiries!$F$5:$F$204,A30) -> 3 | C30: =COUNTIFS(Inquiries!$F$5:$F$204,A30,Inquiries!$H$5:$H$204,"Enrolled") -> 1 | D30: =IFERROR(C30/B30,0) -> 0.33333333
A31: Prep | B31: =COUNTIF(Inquiries!$F$5:$F$204,A31) -> 2 | C31: =COUNTIFS(Inquiries!$F$5:$F$204,A31,Inquiries!$H$5:$H$204,"Enrolled") -> 1 | D31: =IFERROR(C31/B31,0) -> 0.5
A32: Grade 1 | B32: =COUNTIF(Inquiries!$F$5:$F$204,A32) -> 2 | C32: =COUNTIFS(Inquiries!$F$5:$F$204,A32,Inquiries!$H$5:$H$204,"Enrolled") -> 0 | D32: =IFERROR(C32/B32,0) -> 0
A33: Grade 2 | B33: =COUNTIF(Inquiries!$F$5:$F$204,A33) -> 1 | C33: =COUNTIFS(Inquiries!$F$5:$F$204,A33,Inquiries!$H$5:$H$204,"Enrolled") -> 0 | D33: =IFERROR(C33/B33,0) -> 0
A34: Grade 3 | B34: =COUNTIF(Inquiries!$F$5:$F$204,A34) -> 2 | C34: =COUNTIFS(Inquiries!$F$5:$F$204,A34,Inquiries!$H$5:$H$204,"Enrolled") -> 1 | D34: =IFERROR(C34/B34,0) -> 0.5
A35: Grade 4 | B35: =COUNTIF(Inquiries!$F$5:$F$204,A35) -> 1 | C35: =COUNTIFS(Inquiries!$F$5:$F$204,A35,Inquiries!$H$5:$H$204,"Enrolled") -> 0 | D35: =IFERROR(C35/B35,0) -> 0
A36: Grade 5 | B36: =COUNTIF(Inquiries!$F$5:$F$204,A36) -> 1 | C36: =COUNTIFS(Inquiries!$F$5:$F$204,A36,Inquiries!$H$5:$H$204,"Enrolled") -> 0 | D36: =IFERROR(C36/B36,0) -> 0
A37: Grade 6 | B37: =COUNTIF(Inquiries!$F$5:$F$204,A37) -> 1 | C37: =COUNTIFS(Inquiries!$F$5:$F$204,A37,Inquiries!$H$5:$H$204,"Enrolled") -> 0 | D37: =IFERROR(C37/B37,0) -> 0
A38: Grade 7 | B38: =COUNTIF(Inquiries!$F$5:$F$204,A38) -> 1 | C38: =COUNTIFS(Inquiries!$F$5:$F$204,A38,Inquiries!$H$5:$H$204,"Enrolled") -> 0 | D38: =IFERROR(C38/B38,0) -> 0
A39: Grade 8 | B39: =COUNTIF(Inquiries!$F$5:$F$204,A39) -> 1 | C39: =COUNTIFS(Inquiries!$F$5:$F$204,A39,Inquiries!$H$5:$H$204,"Enrolled") -> 0 | D39: =IFERROR(C39/B39,0) -> 0
A40: Grade 9 | B40: =COUNTIF(Inquiries!$F$5:$F$204,A40) -> 0 | C40: =COUNTIFS(Inquiries!$F$5:$F$204,A40,Inquiries!$H$5:$H$204,"Enrolled") -> 0 | D40: =IFERROR(C40/B40,0) -> 0
